Date,Adj Close,Close,High,Low,Open,Volume
01/01/2023,1200.96484375,1200.96484375,1203.475341796875,1192.8853759765625,1196.713623046875,2399674550
02/01/2023,1214.6566162109375,1214.6566162109375,1219.860595703125,1195.2149658203125,1201.103271484375,3765758498
03/01/2023,1214.77880859375,1214.77880859375,1219.0953369140625,1207.4915771484375,1214.7440185546875,3392972131
04/01/2023,1256.526611328125,1256.526611328125,1264.8074951171875,1213.1688232421875,1214.7186279296875,6404416893
05/01/2023,1250.4385986328125,1250.4385986328125,1258.571533203125,1245.173095703125,1256.484619140625,4001786456
06/01/2023,1269.3790283203125,1269.3790283203125,1273.2203369140625,1240.947509765625,1250.458984375,4977252792
07/01/2023,1264.2703857421875,1264.2703857421875,1270.5982666015625,1262.2711181640625,1269.4197998046875,2565213548
08/01/2023,1287.3594970703125,1287.3594970703125,1287.3594970703125,1260.226806640625,1264.181884765625,3495088905
09/01/2023,1321.5389404296875,1321.5389404296875,1342.1441650390625,1286.6807861328125,1287.4508056640625,7990438824
10/01/2023,1336.5860595703125,1336.5860595703125,1342.7572021484375,1318.5272216796875,1321.3955078125,5830173253
11/01/2023,1387.9327392578125,1387.9327392578125,1387.9327392578125,1323.5831298828125,1336.48681640625,6314904311
12/01/2023,1417.9384765625,1417.9384765625,1432.28125,1378.422119140625,1405.3514404296875,12230193038
13/01/2023,1451.6148681640625,1451.6148681640625,1461.6727294921875,1404.02392578125,1417.9461669921875,7684148212
14/01/2023,1550.7069091796875,1550.7069091796875,1563.7391357421875,1450.9884033203125,1451.428466796875,15444626014
15/01/2023,1552.4794921875,1552.4794921875,1556.9508056640625,1520.893798828125,1550.7315673828125,6774614499
16/01/2023,1576.83349609375,1576.83349609375,1594.039794921875,1529.5736083984375,1552.519287109375,8454485431
17/01/2023,1567.8460693359375,1567.8460693359375,1594.0009765625,1553.3359375,1577.107421875,7599462786
18/01/2023,1515.5069580078125,1515.5069580078125,1602.106689453125,1509.4228515625,1567.698974609375,10354880595
19/01/2023,1552.5565185546875,1552.5565185546875,1557.9703369140625,1514.3800048828125,1515.2496337890625,6432638856
20/01/2023,1659.754150390625,1659.754150390625,1659.8857421875,1544.9178466796875,1552.3736572265625,8528894754
21/01/2023,1627.1181640625,1627.1181640625,1674.1793212890625,1626.81298828125,1659.7060546875,8859250310
22/01/2023,1628.382080078125,1628.382080078125,1658.0234375,1612.085693359375,1627.365966796875,7517988734
23/01/2023,1628.2510986328125,1628.2510986328125,1641.2181396484375,1607.903076171875,1628.55078125,8264507375
24/01/2023,1556.604248046875,1556.604248046875,1639.723876953125,1551.3897705078125,1627.8482666015625,8180274691
25/01/2023,1611.7110595703125,1611.7110595703125,1632.24169921875,1530.7978515625,1556.8074951171875,10598973448
26/01/2023,1603.10595703125,1603.10595703125,1626.1982421875,1586.59814453125,1611.0809326171875,8395315241
27/01/2023,1598.156494140625,1598.156494140625,1617.0008544921875,1565.2449951171875,1603.080078125,8124465373
28/01/2023,1572.43505859375,1572.43505859375,1604.7041015625,1565.39013671875,1598.1253662109375,5803653357
29/01/2023,1646.1556396484375,1646.1556396484375,1653.7249755859375,1568.98486328125,1572.6295166015625,8801292300
30/01/2023,1567.3265380859375,1567.3265380859375,1646.651611328125,1546.6607666015625,1646.147705078125,9180418120
31/01/2023,1586.535400390625,1586.535400390625,1598.517578125,1563.8043212890625,1567.419921875,6585191019
01/02/2023,1641.792724609375,1641.792724609375,1644.7275390625,1566.8572998046875,1586.4881591796875,8116969489
02/02/2023,1643.2415771484375,1643.2415771484375,1704.4581298828125,1641.3226318359375,1641.365966796875,10558081069
03/02/2023,1664.74560546875,1664.74560546875,1670.6968994140625,1634.223388671875,1642.9046630859375,8169519805
04/02/2023,1667.0592041015625,1667.0592041015625,1690.099609375,1648.189208984375,1664.4722900390625,5843302512
05/02/2023,1631.6458740234375,1631.6458740234375,1671.770263671875,1616.391845703125,1667.16650390625,6926696531
06/02/2023,1616.2470703125,1616.2470703125,1653.7154541015625,1611.319091796875,1631.645263671875,6919871886
07/02/2023,1672.0035400390625,1672.0035400390625,1673.7978515625,1614.863037109375,1616.0096435546875,8030277434
08/02/2023,1650.716796875,1650.716796875,1688.5272216796875,1635.2650146484375,1671.9052734375,7806089579
09/02/2023,1546.438232421875,1546.438232421875,1655.23486328125,1537.1822509765625,1651.082275390625,10524969124
10/02/2023,1514.869140625,1514.869140625,1553.32568359375,1504.83447265625,1546.5965576171875,8397387897
11/02/2023,1539.9267578125,1539.9267578125,1541.334716796875,1510.14697265625,1514.94189453125,5064007416
12/02/2023,1515.03369140625,1515.03369140625,1545.55419921875,1501.4620361328125,1539.7760009765625,5319698775
13/02/2023,1507.1658935546875,1507.1658935546875,1524.7314453125,1470.02392578125,1514.9169921875,9363855114
14/02/2023,1556.8751220703125,1556.8751220703125,1562.0343017578125,1497.1944580078125,1506.9920654296875,9249575045
15/02/2023,1673.7459716796875,1673.7459716796875,1674.289794921875,1545.689697265625,1556.76513671875,10015035156
16/02/2023,1640.067626953125,1640.067626953125,1732.8011474609375,1638.1455078125,1673.867431640625,12704861676
17/02/2023,1694.7833251953125,1694.7833251953125,1716.7818603515625,1636.173828125,1640.2801513671875,9802443159
18/02/2023,1691.8194580078125,1691.8194580078125,1705.30908203125,1683.670166015625,1694.7418212890625,5491437195
19/02/2023,1681.4361572265625,1681.4361572265625,1718.9476318359375,1673.9066162109375,1691.68017578125,6959144003
20/02/2023,1702.6751708984375,1702.6751708984375,1716.4893798828125,1659.2950439453125,1682.3370361328125,7703604237
21/02/2023,1658.036376953125,1658.036376953125,1714.28564453125,1642.396728515625,1702.7978515625,8721608198
22/02/2023,1643.231689453125,1643.231689453125,1663.996826171875,1604.8033447265625,1658.1409912109375,9189387004
23/02/2023,1651.0738525390625,1651.0738525390625,1674.6015625,1632.566162109375,1643.298583984375,9013236167
24/02/2023,1608.3731689453125,1608.3731689453125,1661.09130859375,1583.1478271484375,1650.8951416015625,8909129423
25/02/2023,1594.9149169921875,1594.9149169921875,1608.8651123046875,1567.6317138671875,1608.6583251953125,5657686235
26/02/2023,1640.817138671875,1640.817138671875,1645.2734375,1590.39306640625,1594.7611083984375,5727967432
27/02/2023,1634.326416015625,1634.326416015625,1662.57568359375,1615.387939453125,1640.763671875,7239824677
28/02/2023,1605.8951416015625,1605.8951416015625,1644.435791015625,1602.4281005859375,1634.50244140625,6323676957
01/03/2023,1663.4337158203125,1663.4337158203125,1663.4337158203125,1601.548583984375,1606.0404052734375,7701847224
02/03/2023,1647.3193359375,1647.3193359375,1672.0511474609375,1622.5999755859375,1663.549072265625,7080950926
03/03/2023,1569.1676025390625,1569.1676025390625,1648.475341796875,1552.4515380859375,1647.5577392578125,9922240199
04/03/2023,1566.9239501953125,1566.9239501953125,1575.63720703125,1551.73681640625,1569.278076171875,4389045367
05/03/2023,1564.46875,1564.46875,1584.2088623046875,1559.9541015625,1567.1793212890625,5020886238
06/03/2023,1567.398681640625,1567.398681640625,1579.456298828125,1557.363525390625,1564.3831787109375,5245153345
07/03/2023,1561.93310546875,1561.93310546875,1579.1622314453125,1543.1275634765625,1567.4246826171875,6854058349
08/03/2023,1534.0882568359375,1534.0882568359375,1568.17529296875,1534.0882568359375,1561.9779052734375,7130327525
09/03/2023,1438.6607666015625,1438.6607666015625,1544.1083984375,1423.2647705078125,1534.0316162109375,9457897583
10/03/2023,1429.1580810546875,1429.1580810546875,1438.7601318359375,1378.525390625,1438.7601318359375,12665194936
11/03/2023,1482.61669921875,1482.61669921875,1484.136962890625,1428.72314453125,1429.100830078125,14917080154
12/03/2023,1590.29296875,1590.29296875,1607.152587890625,1461.6109619140625,1482.431884765625,11480965122
13/03/2023,1680.3089599609375,1680.3089599609375,1699.9117431640625,1572.07470703125,1590.8311767578125,15711468959
14/03/2023,1703.507080078125,1703.507080078125,1779.9178466796875,1665.90234375,1680.2952880859375,16159781303
15/03/2023,1656.1805419921875,1656.1805419921875,1721.0792236328125,1616.63037109375,1705.18994140625,12715339905
16/03/2023,1677.2154541015625,1677.2154541015625,1693.1392822265625,1639.26171875,1656.33203125,9364980166
17/03/2023,1792.485107421875,1792.485107421875,1799.343994140625,1667.1318359375,1677.2967529296875,12467445117
18/03/2023,1761.65966796875,1761.65966796875,1840.3575439453125,1751.2628173828125,1793.5924072265625,10317822213
19/03/2023,1785.5765380859375,1785.5765380859375,1843.8441162109375,1762.9632568359375,1762.9632568359375,9170565472
20/03/2023,1735.3212890625,1735.3212890625,1807.7252197265625,1728.103759765625,1785.416259765625,10978325507
21/03/2023,1806.7607421875,1806.7607421875,1836.28857421875,1725.00732421875,1735.617919921875,10758627746
22/03/2023,1737.717041015625,1737.717041015625,1821.458251953125,1717.76513671875,1804.95703125,12484103560
23/03/2023,1816.4051513671875,1816.4051513671875,1853.8880615234375,1732.524658203125,1737.140869140625,11012966854
24/03/2023,1752.0447998046875,1752.0447998046875,1819.935302734375,1730.3494873046875,1815.81982421875,10913669383
25/03/2023,1743.7647705078125,1743.7647705078125,1762.674560546875,1716.6519775390625,1751.469482421875,6614309912
26/03/2023,1775.6767578125,1775.6767578125,1797.8802490234375,1741.182861328125,1743.8421630859375,6990313307
27/03/2023,1715.4608154296875,1715.4608154296875,1781.3792724609375,1690.5166015625,1775.4813232421875,8585750760
28/03/2023,1772.78564453125,1772.78564453125,1791.1109619140625,1702.564697265625,1715.327392578125,8346890042
29/03/2023,1793.0018310546875,1793.0018310546875,1825.6009521484375,1772.89990234375,1772.89990234375,9136176952
30/03/2023,1792.7371826171875,1792.7371826171875,1827.2802734375,1766.2489013671875,1793.345947265625,9724496987
31/03/2023,1822.0220947265625,1822.0220947265625,1844.6773681640625,1783.1422119140625,1793.6201171875,9149379763
01/04/2023,1813.860595703125,1813.860595703125,1840.173095703125,1811.1185302734375,1821.704345703125,5556443606
02/04/2023,1795.7081298828125,1795.7081298828125,1824.328857421875,1774.8724365234375,1821.192138671875,6199721188
03/04/2023,1810.297119140625,1810.297119140625,1839.1578369140625,1765.5189208984375,1794.9224853515625,9643826401
04/04/2023,1871.005126953125,1871.005126953125,1886.5946044921875,1802.9554443359375,1810.14208984375,10398322335
05/04/2023,1909.114013671875,1909.114013671875,1937.49755859375,1865.94189453125,1870.965087890625,10319231689
06/04/2023,1872.922607421875,1872.922607421875,1909.271728515625,1857.0850830078125,1909.1435546875,8263191830
07/04/2023,1865.6361083984375,1865.6361083984375,1882.2991943359375,1845.993896484375,1872.734130859375,8356130492
08/04/2023,1849.4981689453125,1849.4981689453125,1879.1077880859375,1848.87548828125,1864.6790771484375,5016362733
09/04/2023,1859.3878173828125,1859.3878173828125,1873.057373046875,1828.7000732421875,1849.6722412109375,6361497715
10/04/2023,1911.20751953125,1911.20751953125,1917.3001708984375,1848.1641845703125,1859.7412109375,8380134275
11/04/2023,1892.189697265625,1892.189697265625,1936.728271484375,1886.5341796875,1911.3758544921875,8877222956
12/04/2023,1920.68212890625,1920.68212890625,1929.8812255859375,1860.036865234375,1891.94970703125,11010714187
13/04/2023,2012.6346435546875,2012.6346435546875,2022.150146484375,1901.8603515625,1917.6983642578125,12546950499
14/04/2023,2101.635498046875,2101.635498046875,2126.316650390625,2011.5032958984375,2013.9306640625,16298099411
15/04/2023,2092.466796875,2092.466796875,2111.075439453125,2076.5107421875,2101.616455078125,8036468153
16/04/2023,2120.005859375,2120.005859375,2137.445068359375,2076.83203125,2092.281005859375,7898126856
17/04/2023,2076.242919921875,2076.242919921875,2120.113525390625,2063.03857421875,2120.001220703125,9648882546
18/04/2023,2104.537353515625,2104.537353515625,2121.531494140625,2057.65380859375,2075.855224609375,9134015143
19/04/2023,1936.4034423828125,1936.4034423828125,2104.857177734375,1928.5828857421875,2103.9462890625,13779745451
20/04/2023,1943.09765625,1943.09765625,1979.5733642578125,1918.1328125,1936.41796875,11324135406
21/04/2023,1849.9998779296875,1849.9998779296875,1955.649169921875,1827.7889404296875,1943.409912109375,12044274581
22/04/2023,1874.2286376953125,1874.2286376953125,1886.7816162109375,1845.8492431640625,1849.2864990234375,6970642726
23/04/2023,1862.06201171875,1862.06201171875,1882.229736328125,1838.992431640625,1874.1715087890625,6607451862
24/04/2023,1842.7574462890625,1842.7574462890625,1888.1937255859375,1811.7921142578125,1862.0853271484375,8438191338
25/04/2023,1866.753662109375,1866.753662109375,1877.4849853515625,1805.3228759765625,1842.204345703125,8677255481
26/04/2023,1866.564208984375,1866.564208984375,1962.567626953125,1792.4638671875,1866.14892578125,14356524696
27/04/2023,1908.786376953125,1908.786376953125,1936.9451904296875,1863.14794921875,1866.6932373046875,14008145806
28/04/2023,1892.5128173828125,1892.5128173828125,1923.19921875,1876.2918701171875,1909.2730712890625,7691759733
29/04/2023,1908.9169921875,1908.9169921875,1916.9737548828125,1887.990478515625,1892.5650634765625,4796651246
30/04/2023,1876.92431640625,1876.92431640625,1938.41796875,1876.92431640625,1908.7413330078125,6539641957
01/05/2023,1831.954833984375,1831.954833984375,1886.2064208984375,1809.1932373046875,1868.89111328125,8625783201
02/05/2023,1870.789306640625,1870.789306640625,1879.759521484375,1824.3270263671875,1831.7265625,7536785767
03/05/2023,1904.65185546875,1904.65185546875,1915.504150390625,1845.871826171875,1870.6871337890625,8306390869
04/05/2023,1877.7041015625,1877.7041015625,1915.8717041015625,1868.6297607421875,1905.1689453125,6578438233
05/05/2023,1995.0609130859375,1995.0609130859375,1998.41357421875,1876.9466552734375,1877.8331298828125,9498261360
06/05/2023,1900.2218017578125,1900.2218017578125,2017.5594482421875,1870.6055908203125,1995.4791259765625,9623243037
07/05/2023,1873.076416015625,1873.076416015625,1933.9984130859375,1873.076416015625,1899.9176025390625,6883942236
08/05/2023,1849.042724609375,1849.042724609375,1886.162109375,1818.4505615234375,1872.47509765625,9895102899
09/05/2023,1848.6031494140625,1848.6031494140625,1860.66748046875,1832.906982421875,1849.06103515625,6129516088
10/05/2023,1842.4014892578125,1842.4014892578125,1886.80029296875,1795.6688232421875,1848.2135009765625,9945549603
11/05/2023,1796.4906005859375,1796.4906005859375,1842.4920654296875,1774.132568359375,1842.4920654296875,8353828312
12/05/2023,1808.019775390625,1808.019775390625,1812.4249267578125,1742.40380859375,1795.1766357421875,9047198660
13/05/2023,1796.1148681640625,1796.1148681640625,1816.0584716796875,1788.4755859375,1808.375,4647630864
14/05/2023,1800.5009765625,1800.5009765625,1823.49072265625,1793.228759765625,1796.10791015625,4711210241
15/05/2023,1817.5499267578125,1817.5499267578125,1845.6954345703125,1787.536376953125,1800.3712158203125,6748889346
16/05/2023,1824.1214599609375,1824.1214599609375,1830.3515625,1797.84375,1816.82421875,5595959668
17/05/2023,1821.859619140625,1821.859619140625,1835.5545654296875,1786.6719970703125,1824.068359375,6352161579
18/05/2023,1801.728515625,1801.728515625,1831.4503173828125,1774.195068359375,1822.0682373046875,5673124255
19/05/2023,1812.5894775390625,1812.5894775390625,1826.1942138671875,1797.4344482421875,1800.994384765625,4796110259
20/05/2023,1820.47802734375,1820.47802734375,1829.0096435546875,1808.0467529296875,1812.76611328125,2951655969
21/05/2023,1804.5313720703125,1804.5313720703125,1827.9219970703125,1799.9468994140625,1820.1380615234375,3386768865
22/05/2023,1817.5347900390625,1817.5347900390625,1826.696533203125,1793.2239990234375,1804.8419189453125,4534841049
23/05/2023,1854.380615234375,1854.380615234375,1869.343994140625,1816.2879638671875,1817.7811279296875,6820047160
24/05/2023,1800.0999755859375,1800.0999755859375,1854.2996826171875,1780.925537109375,1854.2996826171875,7101647419
25/05/2023,1805.9537353515625,1805.9537353515625,1815.9947509765625,1763.3651123046875,1799.84521484375,6321689859
26/05/2023,1828.689697265625,1828.689697265625,1837.8658447265625,1798.406005859375,1805.7254638671875,5451414258
27/05/2023,1831.1182861328125,1831.1182861328125,1836.1845703125,1817.4920654296875,1828.57568359375,3216737652
28/05/2023,1910.9141845703125,1910.9141845703125,1915.7232666015625,1825.46728515625,1831.0986328125,6359610561
29/05/2023,1893.078125,1893.078125,1926.4217529296875,1879.0775146484375,1909.2974853515625,5884674572
30/05/2023,1901.026611328125,1901.026611328125,1916.574951171875,1883.9346923828125,1893.0931396484375,5363439784
31/05/2023,1874.1304931640625,1874.1304931640625,1907.035400390625,1852.0947265625,1901.0982666015625,5984512548
01/06/2023,1862.201416015625,1862.201416015625,1887.705322265625,1846.2274169921875,1873.9146728515625,5640027197
02/06/2023,1907.256591796875,1907.256591796875,1910.2784423828125,1851.9647216796875,1862.4237060546875,6097746022
03/06/2023,1892.4124755859375,1892.4124755859375,1908.822265625,1885.4854736328125,1907.4207763671875,3472274607
04/06/2023,1890.5135498046875,1890.5135498046875,1912.2056884765625,1885.65185546875,1892.398193359375,3747042696
05/06/2023,1811.828369140625,1811.828369140625,1890.6405029296875,1780.2115478515625,1890.4176025390625,9246593033
06/06/2023,1884.494873046875,1884.494873046875,1896.22265625,1801.4052734375,1810.5814208984375,8704411776
07/06/2023,1832.39599609375,1832.39599609375,1893.80908203125,1822.3031005859375,1884.3729248046875,7919894455
08/06/2023,1846.3018798828125,1846.3018798828125,1861.1361083984375,1830.1650390625,1832.5135498046875,4536041931
09/06/2023,1840.2252197265625,1840.2252197265625,1854.824951171875,1828.5445556640625,1846.077880859375,4610831509
10/06/2023,1752.384765625,1752.384765625,1844.78564453125,1721.443115234375,1840.3919677734375,10788500406
11/06/2023,1753.415283203125,1753.415283203125,1776.84716796875,1741.1104736328125,1752.527587890625,4559112981
12/06/2023,1742.5286865234375,1742.5286865234375,1757.6597900390625,1722.9063720703125,1753.075439453125,6031384958
13/06/2023,1739.03759765625,1739.03759765625,1761.9554443359375,1727.7498779296875,1742.39013671875,6214125203
14/06/2023,1650.519287109375,1650.519287109375,1749.1632080078125,1637.187744140625,1739.2501220703125,7462905534
15/06/2023,1665.519775390625,1665.519775390625,1676.4066162109375,1624.1383056640625,1650.4981689453125,7328564880
16/06/2023,1716.6688232421875,1716.6688232421875,1727.28955078125,1653.1708984375,1665.41064453125,6281023479
17/06/2023,1727.2041015625,1727.2041015625,1766.76318359375,1714.15087890625,1716.6717529296875,4875187477
18/06/2023,1720.5775146484375,1720.5775146484375,1746.5091552734375,1718.1114501953125,1727.1937255859375,3820038842
19/06/2023,1737.659423828125,1737.659423828125,1745.1346435546875,1705.8134765625,1720.50537109375,5210480121
20/06/2023,1792.1199951171875,1792.1199951171875,1793.31396484375,1715.342529296875,1736.8797607421875,7171072578
21/06/2023,1891.0072021484375,1891.0072021484375,1898.6689453125,1788.4892578125,1791.9949951171875,11731457711
22/06/2023,1872.9429931640625,1872.9429931640625,1932.0655517578125,1867.8765869140625,1889.79443359375,8477657143
23/06/2023,1892.862060546875,1892.862060546875,1932.5316162109375,1865.1920166015625,1872.540771484375,8290615074
24/06/2023,1876.0596923828125,1876.0596923828125,1905.2274169921875,1867.8115234375,1893.77197265625,5026191704
25/06/2023,1900.506103515625,1900.506103515625,1929.0791015625,1870.85009765625,1875.84912109375,6937581709
26/06/2023,1859.432861328125,1859.432861328125,1905.3604736328125,1840.215087890625,1900.05029296875,8619702292
27/06/2023,1889.703369140625,1889.703369140625,1911.3111572265625,1856.83837890625,1859.34619140625,7686042202
28/06/2023,1827.97119140625,1827.97119140625,1890.208984375,1822.102783203125,1889.906494140625,7135265016
29/06/2023,1852.227294921875,1852.227294921875,1876.5302734375,1828.059326171875,1828.059326171875,5677228612
30/06/2023,1933.18896484375,1933.18896484375,1945.2742919921875,1831.281005859375,1852.0084228515625,12895131248
01/07/2023,1924.56591796875,1924.56591796875,1942.7015380859375,1910.8486328125,1933.3238525390625,5136809625
02/07/2023,1937.4383544921875,1937.4383544921875,1958.1607666015625,1895.906982421875,1924.4481201171875,6343966490
03/07/2023,1955.38916015625,1955.38916015625,1974.7750244140625,1934.6888427734375,1937.8837890625,7858509087
04/07/2023,1936.633544921875,1936.633544921875,1966.3653564453125,1932.611328125,1955.524169921875,5683423776
05/07/2023,1910.5880126953125,1910.5880126953125,1942.4324951171875,1897.124755859375,1936.7967529296875,6034088075
06/07/2023,1848.636474609375,1848.636474609375,1956.0123291015625,1847.8507080078125,1910.4171142578125,8905008384
07/07/2023,1870.6025390625,1870.6025390625,1876.9632568359375,1832.025390625,1847.5125732421875,6468885150
08/07/2023,1865.53955078125,1865.53955078125,1872.5015869140625,1844.6417236328125,1871.0020751953125,4299007854
09/07/2023,1863.009765625,1863.009765625,1878.6689453125,1857.748291015625,1865.594970703125,4392863807
10/07/2023,1880.556396484375,1880.556396484375,1905.4608154296875,1848.7772216796875,1863.240234375,6336468234
11/07/2023,1878.3360595703125,1878.3360595703125,1889.3817138671875,1863.2186279296875,1880.6549072265625,4905225892
12/07/2023,1872.11376953125,1872.11376953125,1901.1484375,1865.7100830078125,1878.322021484375,6379007000
13/07/2023,2006.511474609375,2006.511474609375,2011.88525390625,1864.49609375,1872.040283203125,11114853969
14/07/2023,1939.3470458984375,1939.3470458984375,2026.2049560546875,1901.3612060546875,2005.6861572265625,10627449471
15/07/2023,1931.466552734375,1931.466552734375,1946.0191650390625,1928.1873779296875,1939.129638671875,4380084234
16/07/2023,1923.681884765625,1923.681884765625,1942.0308837890625,1917.2940673828125,1931.64501953125,4329306566
17/07/2023,1911.6461181640625,1911.6461181640625,1936.1776123046875,1875.120361328125,1923.6943359375,6678090758
18/07/2023,1897.5992431640625,1897.5992431640625,1916.4683837890625,1878.718505859375,1911.697021484375,5814708445
19/07/2023,1889.0079345703125,1889.0079345703125,1919.264404296875,1883.067138671875,1897.7972412109375,6018487800
20/07/2023,1890.9691162109375,1890.9691162109375,1919.264404296875,1879.734375,1889.07373046875,7366830684
21/07/2023,1892.080078125,1892.080078125,1905.38623046875,1885.2962646484375,1891.581298828125,4668158260
22/07/2023,1864.912353515625,1864.912353515625,1897.0880126953125,1855.0927734375,1891.955078125,4101305643
23/07/2023,1889.191650390625,1889.191650390625,1904.4832763671875,1859.56884765625,1866.09423828125,4480604100
24/07/2023,1850.0020751953125,1850.0020751953125,1889.761962890625,1836.8524169921875,1888.8095703125,6344373569
25/07/2023,1857.741943359375,1857.741943359375,1867.3232421875,1845.9815673828125,1850.0279541015625,4163381707
26/07/2023,1872.159912109375,1872.159912109375,1886.97412109375,1849.4368896484375,1857.696533203125,5781548155
27/07/2023,1860.357177734375,1860.357177734375,1885.591552734375,1855.321533203125,1872.0863037109375,4291339248
28/07/2023,1874.744873046875,1874.744873046875,1881.457275390625,1857.0489501953125,1860.7025146484375,3800973336
29/07/2023,1881.06884765625,1881.06884765625,1885.529296875,1870.3338623046875,1874.5604248046875,2497302218
30/07/2023,1861.643798828125,1861.643798828125,1884.1441650390625,1851.72802734375,1880.87158203125,4003005547
31/07/2023,1856.162353515625,1856.162353515625,1875.62939453125,1851.9154052734375,1861.7552490234375,4391613314
01/08/2023,1871.7921142578125,1871.7921142578125,1873.0299072265625,1817.9207763671875,1856.190185546875,7634860636
02/08/2023,1839.0897216796875,1839.0897216796875,1877.511474609375,1822.3482666015625,1873.4681396484375,6448512422
03/08/2023,1835.136474609375,1835.136474609375,1856.4075927734375,1825.3477783203125,1838.89794921875,4710581074
04/08/2023,1827.712890625,1827.712890625,1847.9122314453125,1817.413818359375,1834.8905029296875,4861242484
05/08/2023,1834.9879150390625,1834.9879150390625,1836.46484375,1824.8079833984375,1827.798583984375,2866049749
06/08/2023,1827.4620361328125,1827.4620361328125,1836.2489013671875,1824.9866943359375,1834.84521484375,2963395076
07/08/2023,1826.9388427734375,1826.9388427734375,1842.5225830078125,1804.7166748046875,1827.239501953125,5837881974
08/08/2023,1855.807373046875,1855.807373046875,1873.84716796875,1824.4300537109375,1826.9310302734375,5812855406
09/08/2023,1854.297607421875,1854.297607421875,1869.736572265625,1845.48974609375,1855.7794189453125,5870081833
10/08/2023,1850.75341796875,1850.75341796875,1863.3109130859375,1845.4422607421875,1854.3482666015625,3760304518
11/08/2023,1847.1243896484375,1847.1243896484375,1855.0660400390625,1839.5692138671875,1850.74169921875,3353025102
12/08/2023,1848.889892578125,1848.889892578125,1852.281005859375,1845.71923828125,1847.1719970703125,2291124840
13/08/2023,1839.2801513671875,1839.2801513671875,1859.9163818359375,1834.8043212890625,1849.0538330078125,3054625661
14/08/2023,1844.185791015625,1844.185791015625,1853.8363037109375,1834.8004150390625,1839.323486328125,4083364724
15/08/2023,1826.9327392578125,1826.9327392578125,1845.547607421875,1816.3250732421875,1844.1641845703125,4483923893
16/08/2023,1805.6590576171875,1805.6590576171875,1829.3612060546875,1798.9666748046875,1827.036376953125,4976573383
17/08/2023,1684.9334716796875,1684.9334716796875,1807.71484375,1551.7132568359375,1805.5673828125,14208462072
18/08/2023,1660.945068359375,1660.945068359375,1698.124267578125,1644.930908203125,1682.0384521484375,9645084584
19/08/2023,1669.471923828125,1669.471923828125,1693.2281494140625,1654.0758056640625,1660.8443603515625,4871231360
20/08/2023,1684.85205078125,1684.85205078125,1692.3287353515625,1662.9014892578125,1669.5877685546875,4105056995
21/08/2023,1667.26904296875,1667.26904296875,1685.0826416015625,1651.9598388671875,1685.0223388671875,5077248383
22/08/2023,1633.892578125,1633.892578125,1668.638671875,1596.384033203125,1667.279296875,7244623133
23/08/2023,1679.2744140625,1679.2744140625,1696.593994140625,1629.5810546875,1634.4017333984375,7191868448
24/08/2023,1659.944580078125,1659.944580078125,1682.48974609375,1641.6270751953125,1679.248291015625,5104531920
25/08/2023,1652.93505859375,1652.93505859375,1671.970703125,1635.9674072265625,1660.2698974609375,5396997823
26/08/2023,1646.3067626953125,1646.3067626953125,1654.7777099609375,1643.712646484375,1652.92724609375,2423247747
27/08/2023,1657.5130615234375,1657.5130615234375,1659.26708984375,1645.90283203125,1646.27197265625,2624065031
28/08/2023,1652.4573974609375,1652.4573974609375,1659.3287353515625,1627.44677734375,1657.4398193359375,4855588534
29/08/2023,1729.7257080078125,1729.7257080078125,1742.6373291015625,1639.576171875,1652.274169921875,11304916729
30/08/2023,1705.1121826171875,1705.1121826171875,1730.564697265625,1697.147216796875,1729.6766357421875,5023904190
31/08/2023,1645.63916015625,1645.63916015625,1720.011962890625,1634.8509521484375,1705.364501953125,6593153505
01/09/2023,1628.4912109375,1628.4912109375,1653.53173828125,1603.0341796875,1645.581298828125,6104510092
02/09/2023,1637.025390625,1637.025390625,1644.0306396484375,1627.97607421875,1628.5596923828125,2943590996
03/09/2023,1636.11767578125,1636.11767578125,1645.6451416015625,1626.0892333984375,1637.0435791015625,3151878318
04/09/2023,1629.6552734375,1629.6552734375,1642.6531982421875,1618.523681640625,1635.7247314453125,3887968912
05/09/2023,1633.62939453125,1633.62939453125,1645.9483642578125,1610.1412353515625,1629.9110107421875,4417491902
06/09/2023,1632.2523193359375,1632.2523193359375,1656.9327392578125,1611.147705078125,1633.912109375,4987397046
07/09/2023,1647.5982666015625,1647.5982666015625,1657.3037109375,1623.220458984375,1632.2628173828125,4907290296
08/09/2023,1636.1378173828125,1636.1378173828125,1657.1363525390625,1617.7965087890625,1647.8076171875,4598495496
09/09/2023,1635.162353515625,1635.162353515625,1636.8707275390625,1629.660888671875,1636.0504150390625,2081625742
10/09/2023,1616.828857421875,1616.828857421875,1635.43310546875,1604.04052734375,1635.211669921875,4339499949
11/09/2023,1551.6376953125,1551.6376953125,1618.3057861328125,1533.4267578125,1616.769775390625,7693700923
12/09/2023,1592.429443359375,1592.429443359375,1619.114013671875,1549.4937744140625,1551.497802734375,6813819740
13/09/2023,1607.988525390625,1607.988525390625,1615.05029296875,1582.217529296875,1592.892333984375,4979469106
14/09/2023,1626.974365234375,1626.974365234375,1640.522705078125,1607.7353515625,1608.0316162109375,5538958553
15/09/2023,1641.640380859375,1641.640380859375,1652.1131591796875,1613.2486572265625,1626.8701171875,4348584771
16/09/2023,1635.2216796875,1635.2216796875,1649.9886474609375,1632.577880859375,1641.4464111328125,2819575929
17/09/2023,1622.896728515625,1622.896728515625,1635.512939453125,1616.779296875,1635.2010498046875,3032716258
18/09/2023,1637.3470458984375,1637.3470458984375,1669.015380859375,1609.9573974609375,1623.0819091796875,5916674789
19/09/2023,1643.544677734375,1643.544677734375,1659.53173828125,1628.4132080078125,1637.31201171875,4405868861
20/09/2023,1622.890625,1622.890625,1649.619140625,1610.4207763671875,1643.495361328125,5156431986
21/09/2023,1584.3070068359375,1584.3070068359375,1625.20458984375,1573.3057861328125,1622.591796875,5191732312
22/09/2023,1593.268310546875,1593.268310546875,1601.5377197265625,1579.101318359375,1584.0025634765625,3460791634
23/09/2023,1593.8577880859375,1593.8577880859375,1598.001708984375,1588.3289794921875,1593.213134765625,2101436678
24/09/2023,1580.8533935546875,1580.8533935546875,1600.207275390625,1576.7833251953125,1593.82568359375,3086456944
25/09/2023,1588.3228759765625,1588.3228759765625,1595.8441162109375,1565.0255126953125,1580.7474365234375,4394930984
26/09/2023,1593.417236328125,1593.417236328125,1598.0977783203125,1580.16552734375,1588.023193359375,3544861160
27/09/2023,1597.4912109375,1597.4912109375,1631.9107666015625,1585.368896484375,1593.1082763671875,5533036096
28/09/2023,1652.8826904296875,1652.8826904296875,1666.024169921875,1597.294677734375,1597.6719970703125,6658092168
29/09/2023,1667.94384765625,1667.94384765625,1687.28125,1648.656494140625,1652.9998779296875,5529687537
30/09/2023,1671.161865234375,1671.161865234375,1692.5311279296875,1666.5638427734375,1667.83447265625,3155292192
01/10/2023,1733.8104248046875,1733.8104248046875,1750.595703125,1670.0821533203125,1671.1614990234375,5054880180
02/10/2023,1663.6275634765625,1663.6275634765625,1743.5635986328125,1646.07763671875,1732.9840087890625,8420552922
03/10/2023,1656.6856689453125,1656.6856689453125,1670.3563232421875,1644.4964599609375,1662.88720703125,4742827302
04/10/2023,1647.838134765625,1647.838134765625,1657.2535400390625,1629.4266357421875,1656.7359619140625,5127524863
05/10/2023,1611.4764404296875,1611.4764404296875,1654.3790283203125,1609.8499755859375,1647.7882080078125,5403759057
06/10/2023,1645.83154296875,1645.83154296875,1659.60986328125,1611.36572265625,1611.36572265625,4941208729
07/10/2023,1634.51123046875,1634.51123046875,1648.1837158203125,1631.158203125,1645.8109130859375,2578994988
08/10/2023,1633.548583984375,1633.548583984375,1641.182373046875,1618.189208984375,1634.6573486328125,3315554175
09/10/2023,1579.806640625,1579.806640625,1635.4478759765625,1553.0069580078125,1633.454833984375,7020801716
10/10/2023,1567.7130126953125,1567.7130126953125,1593.7413330078125,1553.03173828125,1580.112060546875,5254966125
11/10/2023,1566.2547607421875,1566.2547607421875,1578.2235107421875,1548.98046875,1567.6807861328125,5416504273
12/10/2023,1539.6124267578125,1539.6124267578125,1566.878173828125,1523.237548828125,1566.35595703125,5003930677
13/10/2023,1552.0894775390625,1552.0894775390625,1571.7506103515625,1537.921142578125,1539.432861328125,4575141511
14/10/2023,1555.2568359375,1555.2568359375,1560.3250732421875,1545.73876953125,1552.2637939453125,2429214718
15/10/2023,1558.06982421875,1558.06982421875,1565.7608642578125,1550.5545654296875,1555.0760498046875,2923337883
16/10/2023,1600.5343017578125,1600.5343017578125,1628.15625,1555.9896240234375,1558.3134765625,8846928526
17/10/2023,1565.4395751953125,1565.4395751953125,1601.294677734375,1554.4029541015625,1600.6356201171875,5032686973
18/10/2023,1563.7498779296875,1563.7498779296875,1584.7269287109375,1556.736328125,1565.3828125,4354138855
19/10/2023,1567.45703125,1567.45703125,1573.7376708984375,1543.5850830078125,1563.9581298828125,5035110867
20/10/2023,1604.6668701171875,1604.6668701171875,1628.6090087890625,1562.3028564453125,1567.5709228515625,6747486127
21/10/2023,1629.304443359375,1629.304443359375,1641.2418212890625,1593.447998046875,1604.822265625,4212179634
22/10/2023,1663.429931640625,1663.429931640625,1667.6666259765625,1623.9847412109375,1629.2977294921875,5248406817
23/10/2023,1765.3826904296875,1765.3826904296875,1794.0704345703125,1663.447998046875,1674.8492431640625,14362295879
24/10/2023,1784.4375,1784.4375,1852.6844482421875,1758.6900634765625,1766.0146484375,15888690475
25/10/2023,1787.3975830078125,1787.3975830078125,1814.4847412109375,1762.1470947265625,1784.905029296875,9439066475
26/10/2023,1804.039306640625,1804.039306640625,1865.09521484375,1764.0130615234375,1787.48193359375,11196672635
27/10/2023,1780.0452880859375,1780.0452880859375,1804.1358642578125,1751.4400634765625,1803.794921875,7493399771
28/10/2023,1776.6181640625,1776.6181640625,1800.6053466796875,1773.4366455078125,1780.084228515625,4226112731
29/10/2023,1795.5460205078125,1795.5460205078125,1810.4886474609375,1766.052978515625,1776.56396484375,4358528382
30/10/2023,1810.088623046875,1810.088623046875,1829.24951171875,1779.364501953125,1795.589111328125,7534051038
31/10/2023,1816.458984375,1816.458984375,1819.97265625,1784.567626953125,1810.131591796875,6477922747
01/11/2023,1847.0897216796875,1847.0897216796875,1858.3128662109375,1786.4095458984375,1815.8720703125,10628825648
02/11/2023,1800.6209716796875,1800.6209716796875,1873.885009765625,1790.11474609375,1847.2598876953125,9004197724
03/11/2023,1832.795166015625,1832.795166015625,1835.072509765625,1779.635498046875,1800.91650390625,7622864055
04/11/2023,1857.6986083984375,1857.6986083984375,1867.2613525390625,1825.736572265625,1833.368896484375,4845080427
05/11/2023,1894.15771484375,1894.15771484375,1911.608642578125,1848.6201171875,1857.3956298828125,8867152645
06/11/2023,1899.83740234375,1899.83740234375,1914.5826416015625,1871.9730224609375,1894.027099609375,8104122602
07/11/2023,1888.124267578125,1888.124267578125,1907.5614013671875,1852.7908935546875,1900.5997314453125,9203228152
08/11/2023,1889.3223876953125,1889.3223876953125,1904.5462646484375,1874.545654296875,1887.1190185546875,6751627017
09/11/2023,2120.56103515625,2120.56103515625,2130.88525390625,1884.204345703125,1888.9403076171875,24709695029
10/11/2023,2078.289794921875,2078.289794921875,2134.69140625,2068.13427734375,2121.0673828125,14740624457
11/11/2023,2052.7138671875,2052.7138671875,2089.530517578125,2035.0821533203125,2078.058349609375,10228351203
12/11/2023,2045.18701171875,2045.18701171875,2066.00341796875,2019.028076171875,2053.11865234375,7951011698
13/11/2023,2055.265380859375,2055.265380859375,2116.0107421875,2031.9542236328125,2045.3544921875,14322027970
14/11/2023,1979.0526123046875,1979.0526123046875,2065.06689453125,1939.2803955078125,2054.765380859375,13087862495
15/11/2023,2060.408447265625,2060.408447265625,2061.99169921875,1968.774658203125,1979.47265625,12626326991
16/11/2023,1960.881591796875,1960.881591796875,2088.662353515625,1940.57421875,2059.9658203125,14651619483
17/11/2023,1961.28076171875,1961.28076171875,1990.050537109375,1910.4454345703125,1961.8675537109375,11881648738
18/11/2023,1963.2850341796875,1963.2850341796875,1971.4622802734375,1921.0623779296875,1961.6712646484375,8064677046
19/11/2023,2013.2044677734375,2013.2044677734375,2015.6339111328125,1944.90087890625,1963.1800537109375,7716048818
20/11/2023,2022.2391357421875,2022.2391357421875,2066.409912109375,1996.0443115234375,2011.8533935546875,12866464824
21/11/2023,1937.0667724609375,1937.0667724609375,2035.035888671875,1937.0667724609375,2022.21728515625,13653500841
22/11/2023,2064.42529296875,2064.42529296875,2089.51416015625,1933.1629638671875,1933.5831298828125,13372200584
23/11/2023,2062.210693359375,2062.210693359375,2088.031982421875,2041.4642333984375,2063.905517578125,7828437946
24/11/2023,2081.152099609375,2081.152099609375,2132.481201171875,2060.9990234375,2062.411865234375,12141148820
25/11/2023,2084.4130859375,2084.4130859375,2091.3427734375,2067.917236328125,2081.296142578125,5362623390
26/11/2023,2063.2861328125,2063.2861328125,2094.095947265625,2038.6004638671875,2084.177490234375,8054814154
27/11/2023,2027.4173583984375,2027.4173583984375,2070.606201171875,1988.120361328125,2062.390869140625,10574810069
28/11/2023,2049.338134765625,2049.338134765625,2074.9541015625,1996.814697265625,2027.5172119140625,9910633038
29/11/2023,2029.92919921875,2029.92919921875,2071.994384765625,2020.756591796875,2049.186767578125,8945151861
30/11/2023,2052.55615234375,2052.55615234375,2054.4443359375,2022.4617919921875,2029.3583984375,8107789163
01/12/2023,2087.139892578125,2087.139892578125,2109.319091796875,2046.5570068359375,2052.0966796875,10866891430
02/12/2023,2165.7041015625,2165.7041015625,2182.81787109375,2087.407958984375,2087.66357421875,9130124831
03/12/2023,2193.691650390625,2193.691650390625,2213.17578125,2151.720947265625,2165.895751953125,8278465782
04/12/2023,2243.2158203125,2243.2158203125,2273.06982421875,2193.00732421875,2193.663330078125,16149367134
05/12/2023,2293.841796875,2293.841796875,2306.5703125,2191.17626953125,2243.092529296875,15383072559
06/12/2023,2231.661376953125,2231.661376953125,2310.713134765625,2225.0810546875,2293.628173828125,12790612571
07/12/2023,2357.57958984375,2357.57958984375,2380.729736328125,2225.050537109375,2233.2177734375,14766891042
08/12/2023,2358.73193359375,2358.73193359375,2387.514404296875,2340.92041015625,2357.169189453125,12543458699
09/12/2023,2341.17529296875,2341.17529296875,2401.760498046875,2331.666015625,2358.68603515625,10613312823
10/12/2023,2352.462646484375,2352.462646484375,2376.749755859375,2323.40576171875,2341.440185546875,7369608905
11/12/2023,2224.578857421875,2224.578857421875,2354.9140625,2160.358154296875,2352.49658203125,17989249470
12/12/2023,2202.0380859375,2202.0380859375,2242.55126953125,2166.77001953125,2224.39111328125,11391132228
13/12/2023,2260.648681640625,2260.648681640625,2283.09912109375,2150.75439453125,2202.600341796875,12576395493
14/12/2023,2316.5791015625,2316.5791015625,2331.6015625,2239.3662109375,2260.736083984375,12608711052
15/12/2023,2219.33740234375,2219.33740234375,2316.892822265625,2214.26318359375,2316.1103515625,10259157898
16/12/2023,2226.926513671875,2226.926513671875,2260.809814453125,2213.55078125,2220.41552734375,6866555430
17/12/2023,2196.481201171875,2196.481201171875,2244.366455078125,2195.76171875,2226.892578125,7410453853
18/12/2023,2217.2734375,2217.2734375,2222.019287109375,2120.12744140625,2195.341796875,10366536490
19/12/2023,2177.87255859375,2177.87255859375,2253.348876953125,2139.723388671875,2218.240966796875,10619179629
20/12/2023,2201.911376953125,2201.911376953125,2263.3291015625,2161.21875,2177.239501953125,12652290807
21/12/2023,2239.54248046875,2239.54248046875,2278.12158203125,2184.856689453125,2201.7900390625,12616530536
22/12/2023,2326.52490234375,2326.52490234375,2341.947509765625,2233.53271484375,2239.59814453125,16137246310
23/12/2023,2309.04638671875,2309.04638671875,2332.072021484375,2270.428955078125,2326.7158203125,7995772945
24/12/2023,2265.692138671875,2265.692138671875,2325.705078125,2249.984375,2309.626708984375,9450799236
25/12/2023,2272.561767578125,2272.561767578125,2303.551025390625,2254.574462890625,2265.340576171875,8036302656
26/12/2023,2231.46533203125,2231.46533203125,2274.557373046875,2180.225341796875,2272.21875,10668581464
27/12/2023,2378.739990234375,2378.739990234375,2392.608642578125,2215.140380859375,2231.39306640625,14161342927
28/12/2023,2347.566162109375,2347.566162109375,2445.017578125,2338.703857421875,2380.20068359375,15660799060
29/12/2023,2300.690673828125,2300.690673828125,2386.004638671875,2262.975830078125,2346.84375,12536968996
30/12/2023,2292.0654296875,2292.0654296875,2322.021484375,2270.011962890625,2300.399658203125,6888195427
31/12/2023,2281.47119140625,2281.47119140625,2318.512939453125,2261.394287109375,2291.9453125,6871481744
01/01/2024,2352.327880859375,2352.327880859375,2352.327880859375,2267.01806640625,2282.870361328125,6906765990
02/01/2024,2355.83642578125,2355.83642578125,2431.21240234375,2348.892333984375,2352.593505859375,12910543630
03/01/2024,2210.761962890625,2210.761962890625,2385.11767578125,2113.92529296875,2355.9814453125,19332933581
04/01/2024,2269.0380859375,2269.0380859375,2294.608154296875,2204.86572265625,2210.529052734375,11044564896
05/01/2024,2268.647216796875,2268.647216796875,2276.7646484375,2209.537109375,2269.409423828125,10860953290
06/01/2024,2241.624755859375,2241.624755859375,2271.359375,2219.781982421875,2269.5400390625,5970741680
07/01/2024,2222.865966796875,2222.865966796875,2257.1279296875,2211.5625,2242.0126953125,6490053615
08/01/2024,2333.03271484375,2333.03271484375,2358.815673828125,2171.99365234375,2222.857666015625,13830287095
09/01/2024,2344.8271484375,2344.8271484375,2369.6416015625,2243.21923828125,2332.8681640625,14891130716
10/01/2024,2582.103515625,2582.103515625,2626.976806640625,2341.943115234375,2344.923583984375,29042100476
11/01/2024,2619.619140625,2619.619140625,2687.779052734375,2567.99365234375,2584.171630859375,22575246883
12/01/2024,2524.460205078125,2524.460205078125,2710.421875,2460.925537109375,2619.177001953125,23623839263
13/01/2024,2576.597900390625,2576.597900390625,2589.079833984375,2498.594482421875,2522.933837890625,12250316867
14/01/2024,2472.2412109375,2472.2412109375,2578.332275390625,2470.42431640625,2578.003662109375,9405587417
15/01/2024,2511.36376953125,2511.36376953125,2550.76904296875,2470.82080078125,2471.6669921875,9700630000
16/01/2024,2587.691162109375,2587.691162109375,2613.56689453125,2500.00390625,2510.627197265625,11063317095
17/01/2024,2528.369384765625,2528.369384765625,2592.737060546875,2508.432861328125,2587.044677734375,10441017520
18/01/2024,2467.018798828125,2467.018798828125,2546.263916015625,2426.135498046875,2528.59326171875,11900028080
19/01/2024,2489.49853515625,2489.49853515625,2501.30517578125,2414.7109375,2468.68896484375,11405278376
20/01/2024,2469.589111328125,2469.589111328125,2489.84765625,2456.095703125,2489.84765625,5297826161
21/01/2024,2453.9130859375,2453.9130859375,2479.760498046875,2452.377685546875,2469.798583984375,4578471955
22/01/2024,2310.826416015625,2310.826416015625,2463.447265625,2303.502685546875,2454.9873046875,13923771728
23/01/2024,2240.68603515625,2240.68603515625,2348.03125,2167.282470703125,2310.95166015625,16182147521
24/01/2024,2233.561767578125,2233.561767578125,2261.384521484375,2197.65673828125,2241.749755859375,10134722960
25/01/2024,2217.710205078125,2217.710205078125,2240.380859375,2173.6865234375,2233.969970703125,9302247037
26/01/2024,2267.19970703125,2267.19970703125,2280.3837890625,2196.14013671875,2217.44189453125,9975117607
27/01/2024,2267.885986328125,2267.885986328125,2282.54443359375,2252.38525390625,2267.3193359375,5144367230
28/01/2024,2257.208740234375,2257.208740234375,2306.898681640625,2242.683837890625,2268.19287109375,7296214994
29/01/2024,2317.064208984375,2317.064208984375,2320.02734375,2237.711669921875,2256.995361328125,8948195551
30/01/2024,2344.49365234375,2344.49365234375,2388.87060546875,2298.281982421875,2317.435791015625,10173440062
31/01/2024,2282.54443359375,2282.54443359375,2349.611328125,2264.443603515625,2343.558837890625,10807883277
01/02/2024,2303.82470703125,2303.82470703125,2309.842529296875,2243.57177734375,2282.17529296875,8895583113
02/02/2024,2308.0380859375,2308.0380859375,2323.053466796875,2282.230224609375,2303.7060546875,7186143091
03/02/2024,2296.038330078125,2296.038330078125,2327.346923828125,2293.5380859375,2307.980224609375,4647754021
04/02/2024,2289.546142578125,2289.546142578125,2309.01123046875,2272.304931640625,2296.116943359375,5438100035
05/02/2024,2298.888916015625,2298.888916015625,2334.6767578125,2270.06787109375,2289.20556640625,7277068110
06/02/2024,2372.201904296875,2372.201904296875,2389.826171875,2296.78857421875,2298.955078125,9520885493
07/02/2024,2423.7451171875,2423.7451171875,2442.63623046875,2353.7060546875,2372.2626953125,9660628536
08/02/2024,2419.906494140625,2419.906494140625,2459.556640625,2414.74951171875,2424.080078125,9941841732
09/02/2024,2487.515625,2487.515625,2522.724609375,2419.36279296875,2419.773681640625,13634203177
10/02/2024,2501.228271484375,2501.228271484375,2516.7197265625,2475.857666015625,2487.650390625,6474444159
11/02/2024,2507.570556640625,2507.570556640625,2537.67919921875,2495.21435546875,2501.1298828125,7347245813
12/02/2024,2658.115966796875,2658.115966796875,2663.8427734375,2473.81201171875,2507.578857421875,13022696866
13/02/2024,2642.185302734375,2642.185302734375,2686.455078125,2599.16943359375,2659.586181640625,18271237044
14/02/2024,2777.90234375,2777.90234375,2786.8935546875,2621.025390625,2641.685302734375,21448973822
15/02/2024,2824.37890625,2824.37890625,2865.845458984375,2764.010498046875,2777.601318359375,23734481937
16/02/2024,2803.69140625,2803.69140625,2858.450439453125,2760.3310546875,2825.480712890625,17057114638
17/02/2024,2786.672607421875,2786.672607421875,2805.128662109375,2724.386962890625,2803.73583984375,17932379943
18/02/2024,2878.998046875,2878.998046875,2892.843505859375,2767.9130859375,2786.709716796875,23355830478
19/02/2024,2943.57470703125,2943.57470703125,2983.37060546875,2860.263671875,2881.296875,15163110589
20/02/2024,3013.503662109375,3013.503662109375,3031.5244140625,2879.9033203125,2944.1064453125,20341598470
21/02/2024,2970.35546875,2970.35546875,3017.1904296875,2875.41845703125,3015.6533203125,18897136867
22/02/2024,2971.00732421875,2971.00732421875,3030.666015625,2907.109375,2969.599853515625,18058908246
23/02/2024,2921.658203125,2921.658203125,2991.32958984375,2906.583740234375,2970.1396484375,12822717059
24/02/2024,2992.385986328125,2992.385986328125,3003.195068359375,2907.70068359375,2921.962890625,10701688842
25/02/2024,3112.697265625,3112.697265625,3117.428955078125,2984.39306640625,2992.36669921875,14620450464
26/02/2024,3178.99365234375,3178.99365234375,3197.375,3037.95458984375,3112.529052734375,17504464351
27/02/2024,3244.519287109375,3244.519287109375,3287.9580078125,3167.83056640625,3178.405029296875,21090315368
28/02/2024,3385.703857421875,3385.703857421875,3485.450927734375,3201.575927734375,3243.893310546875,32885894265
29/02/2024,3341.919677734375,3341.919677734375,3518.96923828125,3303.9052734375,3386.802734375,28469171094
01/03/2024,3435.053955078125,3435.053955078125,3452.626220703125,3341.85107421875,3341.9658203125,16880101987
02/03/2024,3422.0498046875,3422.0498046875,3459.747314453125,3398.89892578125,3436.1591796875,12024340617
03/03/2024,3490.99365234375,3490.99365234375,3491.16845703125,3372.214111328125,3422.875244140625,13643324467
04/03/2024,3630.433837890625,3630.433837890625,3641.459228515625,3446.017578125,3489.340087890625,26772963830
05/03/2024,3554.964599609375,3554.964599609375,3828.15966796875,3224.119384765625,3631.928955078125,47706899137
06/03/2024,3819.226318359375,3819.226318359375,3901.434326171875,3502.802490234375,3554.06787109375,34938642613
07/03/2024,3874.34765625,3874.34765625,3939.593994140625,3738.685302734375,3818.31103515625,22457177587
08/03/2024,3892.06103515625,3892.06103515625,3998.826416015625,3828.36328125,3874.830810546875,26135487051
09/03/2024,3915.4189453125,3915.4189453125,3950.396484375,3880.658935546875,3892.119140625,11926623780
10/03/2024,3881.193115234375,3881.193115234375,3968.7236328125,3800.564453125,3915.590576171875,15783924355
11/03/2024,4066.445068359375,4066.445068359375,4087.050048828125,3745.125244140625,3881.23779296875,28806262507
12/03/2024,3980.273193359375,3980.273193359375,4092.2841796875,3831.889892578125,4066.6904296875,26917010932
13/03/2024,4006.45703125,4006.45703125,4083.00732421875,3936.627197265625,3980.26513671875,22028114691
14/03/2024,3883.140380859375,3883.140380859375,4011.102783203125,3721.78857421875,4005.7451171875,25434810823
15/03/2024,3735.22021484375,3735.22021484375,3928.775634765625,3571.774658203125,3882.85693359375,33505075433
16/03/2024,3522.860107421875,3522.860107421875,3780.89453125,3468.079345703125,3736.10498046875,20199855932
17/03/2024,3642.4130859375,3642.4130859375,3676.263427734375,3414.17236328125,3523.02978515625,19938757095
18/03/2024,3517.985107421875,3517.985107421875,3642.4970703125,3456.09130859375,3642.298828125,21162220224
19/03/2024,3157.6181640625,3157.6181640625,3546.582275390625,3149.286865234375,3518.34765625,34166976701
20/03/2024,3513.39306640625,3513.39306640625,3534.826416015625,3059.65478515625,3158.396728515625,36605316331
21/03/2024,3492.9912109375,3492.9912109375,3586.905029296875,3412.22265625,3514.017578125,22213647922
22/03/2024,3333.68798828125,3333.68798828125,3541.898193359375,3254.96923828125,3492.89794921875,20574952329
23/03/2024,3336.593994140625,3336.593994140625,3433.758056640625,3273.115478515625,3335.592529296875,13242137554
24/03/2024,3454.636474609375,3454.636474609375,3470.344482421875,3301.27734375,3336.666015625,12156660941
25/03/2024,3590.8837890625,3590.8837890625,3657.118896484375,3421.79052734375,3454.8857421875,18603921705
26/03/2024,3587.5048828125,3587.5048828125,3678.789794921875,3545.4287109375,3591.085205078125,18505553577
27/03/2024,3500.115234375,3500.115234375,3664.383056640625,3460.3935546875,3587.313720703125,18753082145
28/03/2024,3561.2939453125,3561.2939453125,3609.705322265625,3465.332275390625,3500.216064453125,16419674157
29/03/2024,3511.80615234375,3511.80615234375,3583.701416015625,3475.7255859375,3561.01171875,12712701619
30/03/2024,3507.9443359375,3507.9443359375,3566.08447265625,3489.902099609375,3511.82763671875,9389066783
31/03/2024,3647.8564453125,3647.8564453125,3655.218994140625,3507.24267578125,3507.95166015625,10499881424
01/04/2024,3505.030029296875,3505.030029296875,3648.129150390625,3418.6953125,3647.819580078125,16002098681
02/04/2024,3277.234619140625,3277.234619140625,3506.962890625,3215.985107421875,3504.818359375,22076539151
03/04/2024,3311.44189453125,3311.44189453125,3368.111572265625,3205.649169921875,3277.32421875,16010734587
04/04/2024,3330.04052734375,3330.04052734375,3443.20751953125,3253.3193359375,3311.495361328125,14476330517
05/04/2024,3318.88525390625,3318.88525390625,3345.66650390625,3214.244140625,3330.005859375,15214447092
06/04/2024,3354.183837890625,3354.183837890625,3397.592529296875,3308.9833984375,3318.86474609375,8956926798
07/04/2024,3453.49462890625,3453.49462890625,3458.50830078125,3346.11474609375,3354.2138671875,9931108526
08/04/2024,3695.292724609375,3695.292724609375,3727.616455078125,3409.51171875,3453.498779296875,19055143129
09/04/2024,3505.163330078125,3505.163330078125,3724.92236328125,3455.107666015625,3695.341796875,18279773833
10/04/2024,3543.737060546875,3543.737060546875,3561.516357421875,3415.180419921875,3505.156005859375,16872482726
11/04/2024,3505.247802734375,3505.247802734375,3616.1943359375,3477.171142578125,3543.4521484375,14076734489
12/04/2024,3243.034912109375,3243.034912109375,3552.589111328125,3103.43017578125,3505.329833984375,22104869556
13/04/2024,3004.900390625,3004.900390625,3299.663818359375,2862.3935546875,3242.94091796875,29930408174
14/04/2024,3156.94189453125,3156.94189453125,3174.66650390625,2914.4228515625,3005.547607421875,25486284994
15/04/2024,3101.600341796875,3101.600341796875,3277.5615234375,3026.538818359375,3156.830078125,21925843181
16/04/2024,3084.920166015625,3084.920166015625,3127.160888671875,2997.754638671875,3101.140625,19441391169
17/04/2024,2984.7275390625,2984.7275390625,3123.669677734375,2918.5537109375,3084.923583984375,17711869375
18/04/2024,3066.027587890625,3066.027587890625,3094.842041015625,2956.12744140625,2984.705322265625,15183777035
19/04/2024,3059.278564453125,3059.278564453125,3127.114990234375,2868.7958984375,3065.953125,20399982867
20/04/2024,3157.627197265625,3157.627197265625,3170.6728515625,3021.784912109375,3059.47802734375,9918642130
21/04/2024,3147.28857421875,3147.28857421875,3197.50634765625,3119.552001953125,3157.571044921875,9394387894
22/04/2024,3201.652099609375,3201.652099609375,3236.6591796875,3131.367431640625,3147.66357421875,12063858733
23/04/2024,3219.91162109375,3219.91162109375,3264.41943359375,3154.58984375,3201.588623046875,11054442653
24/04/2024,3139.80517578125,3139.80517578125,3292.921630859375,3105.982177734375,3219.95703125,14000234760
25/04/2024,3156.509521484375,3156.509521484375,3190.976318359375,3074.8046875,3139.624267578125,13989030260
26/04/2024,3130.164794921875,3130.164794921875,3166.188720703125,3103.10400390625,3156.384033203125,10622333862
27/04/2024,3252.168212890625,3252.168212890625,3279.451171875,3071.340087890625,3129.72705078125,11820785577
28/04/2024,3262.774658203125,3262.774658203125,3351.176513671875,3249.149169921875,3252.24560546875,11379192678
29/04/2024,3215.428955078125,3215.428955078125,3285.46875,3116.199951171875,3262.3408203125,15032246816
30/04/2024,3012.286865234375,3012.286865234375,3249.37841796875,2918.228759765625,3215.381103515625,18266894653
01/05/2024,2969.78466796875,2969.78466796875,3020.17333984375,2815.92333984375,3011.015625,20005057445
02/05/2024,2988.16845703125,2988.16845703125,3015.05029296875,2894.329833984375,2969.79443359375,13163903903
03/05/2024,3103.5419921875,3103.5419921875,3127.1552734375,2960.18212890625,2988.134521484375,12862183229
04/05/2024,3117.576416015625,3117.576416015625,3167.541259765625,3096.267578125,3103.61962890625,8283229638
05/05/2024,3137.2490234375,3137.2490234375,3170.05517578125,3075.586181640625,3117.636962890625,8783447639
06/05/2024,3062.728759765625,3062.728759765625,3220.15234375,3048.238525390625,3137.51025390625,13008587255
07/05/2024,3006.5771484375,3006.5771484375,3129.081298828125,3003.013671875,3062.7509765625,11743187337
08/05/2024,2973.6572265625,2973.6572265625,3037.196044921875,2938.47265625,3006.315673828125,11791662158
09/05/2024,3036.0205078125,3036.0205078125,3057.958251953125,2951.223876953125,2973.9716796875,10861947179
10/05/2024,2909.791259765625,2909.791259765625,3052.7294921875,2881.000732421875,3036.231201171875,12278653601
11/05/2024,2911.60205078125,2911.60205078125,2942.1787109375,2888.083251953125,2909.845458984375,6795916454
12/05/2024,2928.701904296875,2928.701904296875,2953.04736328125,2902.201904296875,2911.658203125,5908941395
13/05/2024,2949.359619140625,2949.359619140625,2994.869140625,2865.134521484375,2928.81396484375,13352264795
14/05/2024,2881.157958984375,2881.157958984375,2959.546630859375,2863.5458984375,2949.213134765625,12444516140
15/05/2024,3037.056640625,3037.056640625,3041.602294921875,2864.7353515625,2881.224609375,14666902956
16/05/2024,2945.131103515625,2945.131103515625,3041.80712890625,2925.08740234375,3036.01416015625,13035465176
17/05/2024,3094.11865234375,3094.11865234375,3120.3017578125,2934.112548828125,2945.136962890625,14449438097
18/05/2024,3122.948974609375,3122.948974609375,3146.79052734375,3087.704345703125,3094.553466796875,9407051320
19/05/2024,3071.843017578125,3071.843017578125,3137.1484375,3056.75439453125,3122.82470703125,8747800800
20/05/2024,3663.85546875,3663.85546875,3690.805908203125,3050.2978515625,3071.85888671875,31228143948
21/05/2024,3789.312744140625,3789.312744140625,3837.372802734375,3628.096435546875,3663.01123046875,37643853967
22/05/2024,3737.2177734375,3737.2177734375,3810.948486328125,3655.0751953125,3789.372802734375,25155809461
23/05/2024,3776.92724609375,3776.92724609375,3943.553955078125,3552.642578125,3737.178466796875,45623656317
24/05/2024,3726.9345703125,3726.9345703125,3825.12255859375,3631.990234375,3776.992431640625,22257061429
25/05/2024,3749.236572265625,3749.236572265625,3776.006591796875,3710.5283203125,3726.9755859375,10000027764
26/05/2024,3825.8974609375,3825.8974609375,3879.470703125,3732.02294921875,3749.179931640625,14650794791
27/05/2024,3892.0068359375,3892.0068359375,3973.556396484375,3821.930419921875,3826.127197265625,18949181813
28/05/2024,3840.25634765625,3840.25634765625,3924.895751953125,3771.2138671875,3892.096923828125,19846044324
29/05/2024,3763.196533203125,3763.196533203125,3880.6484375,3742.041259765625,3840.235107421875,17411416736
30/05/2024,3746.849609375,3746.849609375,3823.643310546875,3702.263671875,3763.357666015625,15065849797
31/05/2024,3760.026611328125,3760.026611328125,3843.857666015625,3723.835205078125,3746.861572265625,15290700646
01/06/2024,3813.198974609375,3813.198974609375,3829.294677734375,3749.840087890625,3759.88427734375,8661024535
02/06/2024,3780.89599609375,3780.89599609375,3834.911865234375,3752.41455078125,3813.275634765625,11126903059
03/06/2024,3766.38916015625,3766.38916015625,3848.60302734375,3758.919921875,3780.854248046875,14082454300
04/06/2024,3812.515869140625,3812.515869140625,3831.364990234375,3738.13427734375,3766.476318359375,13331489271
05/06/2024,3864.260986328125,3864.260986328125,3887.48583984375,3778.65576171875,3812.560791015625,15480034434
06/06/2024,3811.60595703125,3811.60595703125,3878.05224609375,3761.775390625,3864.263427734375,13606583873
07/06/2024,3678.629150390625,3678.629150390625,3838.4521484375,3615.2802734375,3811.666015625,18220286186
08/06/2024,3680.949951171875,3680.949951171875,3707.497314453125,3669.637939453125,3677.400390625,9096091805
09/06/2024,3705.90380859375,3705.90380859375,3719.36767578125,3668.12353515625,3680.93603515625,7910768788
10/06/2024,3666.717529296875,3666.717529296875,3711.4287109375,3648.16455078125,3705.877197265625,10377300126
11/06/2024,3498.33056640625,3498.33056640625,3669.890869140625,3434.7490234375,3666.35888671875,19184721538
12/06/2024,3559.61767578125,3559.61767578125,3652.4921875,3463.784912109375,3497.89697265625,17142905351
13/06/2024,3469.28125,3469.28125,3559.725341796875,3431.33349609375,3559.725341796875,14472382154
14/06/2024,3480.27197265625,3480.27197265625,3528.602294921875,3366.223876953125,3467.969970703125,15793876596
15/06/2024,3565.549560546875,3565.549560546875,3589.887451171875,3473.45263671875,3479.78564453125,12733651076
16/06/2024,3620.5634765625,3620.5634765625,3648.093017578125,3541.534423828125,3566.761962890625,9878388158
17/06/2024,3511.37890625,3511.37890625,3634.285400390625,3468.14892578125,3622.383544921875,17838856988
18/06/2024,3483.681396484375,3483.681396484375,3514.17724609375,3371.59033203125,3510.565185546875,21022514455
19/06/2024,3559.347412109375,3559.347412109375,3583.320068359375,3466.48095703125,3482.350830078125,15275373778
20/06/2024,3511.0869140625,3511.0869140625,3623.886474609375,3485.4599609375,3559.347412109375,16115123753
21/06/2024,3516.07568359375,3516.07568359375,3542.957275390625,3447.935546875,3511.268310546875,15933353456
22/06/2024,3494.8134765625,3494.8134765625,3519.49755859375,3477.169921875,3516.55126953125,7423703673
23/06/2024,3418.61181640625,3418.61181640625,3519.324951171875,3408.5830078125,3494.953857421875,9418141333
24/06/2024,3350.25634765625,3350.25634765625,3430.698974609375,3244.241455078125,3418.783203125,23137744903
25/06/2024,3395.029052734375,3395.029052734375,3422.21337890625,3335.556884765625,3350.5556640625,13235546063
26/06/2024,3369.477294921875,3369.477294921875,3421.509521484375,3328.390625,3394.373291015625,11694054195
27/06/2024,3444.800537109375,3444.800537109375,3470.923095703125,3362.2646484375,3368.88623046875,11771834016
28/06/2024,3373.635986328125,3373.635986328125,3482.95751953125,3363.4375,3445.498779296875,12861158844
29/06/2024,3372.9677734375,3372.9677734375,3401.730224609375,3369.552734375,3373.68994140625,6584792001
30/06/2024,3432.88916015625,3432.88916015625,3453.21142578125,3352.284423828125,3373.07568359375,8396416013
01/07/2024,3440.341552734375,3440.341552734375,3513.310791015625,3425.3232421875,3432.607421875,12281551839
02/07/2024,3416.354736328125,3416.354736328125,3459.761474609375,3399.026123046875,3439.38134765625,9421757718
03/07/2024,3292.916748046875,3292.916748046875,3426.332275390625,3254.521240234375,3416.2548828125,16121324440
04/07/2024,3054.52197265625,3054.52197265625,3309.20361328125,3054.52197265625,3291.81787109375,20252514386
05/07/2024,2981.5986328125,2981.5986328125,3106.152587890625,2826.014404296875,3057.833251953125,31131942647
06/07/2024,3069.3779296875,3069.3779296875,3080.107421875,2957.395751953125,2981.988037109375,11586293705
07/07/2024,2929.38720703125,2929.38720703125,3072.814453125,2923.959228515625,3067.405029296875,10857947538
08/07/2024,3018.73193359375,3018.73193359375,3090.66455078125,2826.481689453125,2929.861572265625,22627377457
09/07/2024,3064.032958984375,3064.032958984375,3105.800537109375,3005.522216796875,3018.80322265625,15269945822
10/07/2024,3102.21875,3102.21875,3148.407470703125,3026.6083984375,3066.13720703125,14578679176
11/07/2024,3100.330810546875,3100.330810546875,3208.9384765625,3057.21923828125,3101.335205078125,15230095766
12/07/2024,3134.15869140625,3134.15869140625,3154.6015625,3048.508056640625,3099.989990234375,12751638331
13/07/2024,3177.19873046875,3177.19873046875,3199.989501953125,3115.080322265625,3134.550537109375,8565105946
14/07/2024,3244.0791015625,3244.0791015625,3266.487548828125,3166.43115234375,3176.741455078125,10517709666
15/07/2024,3489.552734375,3489.552734375,3494.098388671875,3235.776123046875,3246.131591796875,18305490390
16/07/2024,3443.513427734375,3443.513427734375,3498.218994140625,3351.77978515625,3486.14404296875,20446664416
17/07/2024,3388.75244140625,3388.75244140625,3516.104248046875,3379.099609375,3446.73681640625,16739123962
18/07/2024,3426.258544921875,3426.258544921875,3488.715576171875,3374.990478515625,3388.030029296875,15035622003
19/07/2024,3505.73486328125,3505.73486328125,3540.58837890625,3377.877685546875,3425.90869140625,17705629736
20/07/2024,3519.29541015625,3519.29541015625,3539.904296875,3482.489013671875,3505.721435546875,10360198325
21/07/2024,3536.60546875,3536.60546875,3546.619140625,3415.44384765625,3519.426513671875,13845913681
22/07/2024,3440.419921875,3440.419921875,3560.075439453125,3425.795654296875,3536.627197265625,18723199034
23/07/2024,3481.995849609375,3481.995849609375,3539.53173828125,3395.4208984375,3440.768310546875,24468405650
24/07/2024,3336.33935546875,3336.33935546875,3487.653076171875,3304.039306640625,3482.15185546875,16040945448
25/07/2024,3174.42724609375,3174.42724609375,3341.4384765625,3088.764404296875,3336.3623046875,25293745810
26/07/2024,3275.951416015625,3275.951416015625,3285.760986328125,3172.777099609375,3174.051025390625,15993893521
27/07/2024,3247.60791015625,3247.60791015625,3327.426513671875,3195.356689453125,3275.8916015625,15198233287
28/07/2024,3271.464599609375,3271.464599609375,3283.152099609375,3201.76318359375,3247.50732421875,8959236446
29/07/2024,3320.539306640625,3320.539306640625,3396.625732421875,3257.715576171875,3271.453369140625,18334852719
30/07/2024,3278.667724609375,3278.667724609375,3365.322509765625,3235.760009765625,3320.63525390625,14045773047
31/07/2024,3231.295654296875,3231.295654296875,3347.636474609375,3216.07177734375,3278.6865234375,16135380637
01/08/2024,3201.564453125,3201.564453125,3241.77734375,3078.5439453125,3231.248779296875,20217639556
02/08/2024,2986.01318359375,2986.01318359375,3214.527099609375,2965.73388671875,3201.599365234375,21400241741
03/08/2024,2903.3857421875,2903.3857421875,3015.296142578125,2861.177490234375,2985.950927734375,17844091431
04/08/2024,2686.39892578125,2686.39892578125,2931.4716796875,2639.566650390625,2903.088623046875,21139601426
05/08/2024,2417.206298828125,2417.206298828125,2695.88671875,2122.546142578125,2686.027587890625,67668132244
06/08/2024,2458.723876953125,2458.723876953125,2553.5810546875,2416.527099609375,2417.269775390625,26041995921
07/08/2024,2336.58935546875,2336.58935546875,2551.560791015625,2312.168701171875,2458.989013671875,24264218606
08/08/2024,2683.352783203125,2683.352783203125,2721.95458984375,2322.529541015625,2336.9150390625,23468291180
09/08/2024,2599.5986328125,2599.5986328125,2706.451171875,2555.2294921875,2683.719970703125,17907141655
10/08/2024,2610.02294921875,2610.02294921875,2642.92578125,2580.661865234375,2599.582275390625,9361014219
11/08/2024,2553.252197265625,2553.252197265625,2718.797607421875,2544.1748046875,2609.9697265625,13595441987
12/08/2024,2724.431884765625,2724.431884765625,2749.135009765625,2513.39404296875,2553.49658203125,21653090666
13/08/2024,2703.671875,2703.671875,2737.990478515625,2613.80126953125,2724.303466796875,16383053029
14/08/2024,2662.914794921875,2662.914794921875,2775.281005859375,2636.705322265625,2703.5869140625,15825365408
15/08/2024,2570.087646484375,2570.087646484375,2675.314453125,2518.670654296875,2662.885498046875,16345801912
16/08/2024,2593.1865234375,2593.1865234375,2629.383544921875,2553.071533203125,2570.085205078125,13275561555
17/08/2024,2614.546875,2614.546875,2626.6728515625,2588.78515625,2593.1669921875,6676568717
18/08/2024,2613.357177734375,2613.357177734375,2684.031005859375,2596.735107421875,2614.109619140625,9207267415
19/08/2024,2637.306396484375,2637.306396484375,2648.284423828125,2566.401123046875,2612.718505859375,11968963282
20/08/2024,2573.10693359375,2573.10693359375,2695.913818359375,2556.74755859375,2637.306396484375,13249483464
21/08/2024,2631.3955078125,2631.3955078125,2662.953369140625,2538.65771484375,2573.10888671875,12766015263
22/08/2024,2622.951416015625,2622.951416015625,2644.82373046875,2587.110595703125,2630.8642578125,10723280428
23/08/2024,2764.447021484375,2764.447021484375,2799.329833984375,2622.5810546875,2622.916015625,16857181970
24/08/2024,2769.3896484375,2769.3896484375,2820.0205078125,2737.776611328125,2765.4814453125,11765811307
25/08/2024,2749.15771484375,2749.15771484375,2793.012939453125,2736.0888671875,2769.09814453125,9375535539
26/08/2024,2681.340576171875,2681.340576171875,2763.004150390625,2668.88671875,2749.24755859375,12282035835
27/08/2024,2458.7265625,2458.7265625,2700.15283203125,2401.175048828125,2681.622802734375,18028996056
28/08/2024,2528.41552734375,2528.41552734375,2553.820068359375,2422.293701171875,2458.90478515625,20359545410
29/08/2024,2528.792724609375,2528.792724609375,2595.97705078125,2507.50244140625,2528.3623046875,13946434277
30/08/2024,2525.822021484375,2525.822021484375,2539.915283203125,2432.83447265625,2528.732177734375,15526218255
31/08/2024,2513.393798828125,2513.393798828125,2532.389892578125,2493.70556640625,2525.859130859375,6646876013
01/09/2024,2427.90234375,2427.90234375,2515.46728515625,2401.88916015625,2513.42431640625,11800443265
02/09/2024,2538.187255859375,2538.187255859375,2563.0859375,2426.095947265625,2427.973388671875,12520444224
03/09/2024,2420.603759765625,2420.603759765625,2552.802734375,2419.875244140625,2538.16064453125,11406800197
04/09/2024,2448.97705078125,2448.97705078125,2488.91650390625,2313.26513671875,2420.1923828125,16709600747
05/09/2024,2367.737548828125,2367.737548828125,2465.38525390625,2348.86328125,2448.98681640625,13632325040
06/09/2024,2223.87646484375,2223.87646484375,2406.511962890625,2150.86328125,2367.700927734375,25825618367
07/09/2024,2274.107177734375,2274.107177734375,2310.19482421875,2222.100830078125,2223.92919921875,11124608320
08/09/2024,2297.29296875,2297.29296875,2332.359375,2243.911376953125,2274.437744140625,10718443487
09/09/2024,2358.482177734375,2358.482177734375,2379.78662109375,2274.115478515625,2297.896240234375,15887712451
10/09/2024,2389.5810546875,2389.5810546875,2398.50390625,2323.07177734375,2358.497802734375,12795818970
11/09/2024,2339.841552734375,2339.841552734375,2389.71826171875,2279.0537109375,2389.603759765625,15355180967
12/09/2024,2361.78173828125,2361.78173828125,2390.186767578125,2316.15771484375,2339.8408203125,12162634681
13/09/2024,2441.607177734375,2441.607177734375,2462.802978515625,2338.14404296875,2361.740966796875,13759640866
14/09/2024,2418.595703125,2418.595703125,2442.632080078125,2386.979736328125,2441.580810546875,8170291680
15/09/2024,2320.897216796875,2320.897216796875,2430.38330078125,2286.628173828125,2418.26611328125,10155470375
16/09/2024,2295.28369140625,2295.28369140625,2334.789794921875,2253.715087890625,2320.89453125,16819033263
17/09/2024,2341.707763671875,2341.707763671875,2392.149169921875,2263.79296875,2295.284423828125,15356783863
18/09/2024,2369.72900390625,2369.72900390625,2369.72900390625,2278.66455078125,2341.73291015625,18159056422
19/09/2024,2464.752197265625,2464.752197265625,2492.20458984375,2369.374755859375,2369.374755859375,18437147349
20/09/2024,2561.072021484375,2561.072021484375,2571.99267578125,2439.3779296875,2464.7822265625,19112788620
21/09/2024,2615.857177734375,2615.857177734375,2621.62255859375,2530.837890625,2560.879638671875,10797825021
22/09/2024,2582.862548828125,2582.862548828125,2632.039306640625,2528.522216796875,2615.84814453125,13180663011
23/09/2024,2648.54638671875,2648.54638671875,2701.677734375,2541.910400390625,2582.77490234375,19912841456
24/09/2024,2654.35498046875,2654.35498046875,2671.27587890625,2593.152099609375,2648.482177734375,16658812503
25/09/2024,2579.388671875,2579.388671875,2672.4619140625,2557.724365234375,2654.361572265625,14119729962
26/09/2024,2632.199951171875,2632.199951171875,2665.99267578125,2559.954345703125,2579.217529296875,17336033595
27/09/2024,2695.900634765625,2695.900634765625,2728.067626953125,2616.950927734375,2632.241943359375,17023020294
28/09/2024,2677.5390625,2677.5390625,2704.9287109375,2652.25048828125,2695.81591796875,10252590559
29/09/2024,2659.346923828125,2659.346923828125,2683.44580078125,2635.5849609375,2677.628662109375,11126215671
30/09/2024,2603.062744140625,2603.062744140625,2662.489013671875,2576.97607421875,2659.292724609375,17826446789
01/10/2024,2448.921142578125,2448.921142578125,2657.615478515625,2415.07861328125,2603.26416015625,25482371785
02/10/2024,2365.231689453125,2365.231689453125,2498.121337890625,2354.539306640625,2448.877197265625,20148256472
03/10/2024,2349.791259765625,2349.791259765625,2402.862548828125,2311.02783203125,2365.213623046875,18051447791
04/10/2024,2414.7939453125,2414.7939453125,2440.242431640625,2339.870849609375,2349.73291015625,14879264082
05/10/2024,2415.6318359375,2415.6318359375,2427.517578125,2390.844482421875,2414.84716796875,8152969183
06/10/2024,2439.957763671875,2439.957763671875,2456.630615234375,2407.099365234375,2415.53173828125,8458690205
07/10/2024,2421.796630859375,2421.796630859375,2520.40625,2405.13427734375,2439.94482421875,17414044416
08/10/2024,2439.8408203125,2439.8408203125,2464.12744140625,2400.5107421875,2421.98095703125,14067361080
09/10/2024,2368.283447265625,2368.283447265625,2470.9130859375,2350.946533203125,2439.840087890625,14954047093
10/10/2024,2383.85791015625,2383.85791015625,2417.2880859375,2329.78466796875,2368.273193359375,15327769940
11/10/2024,2436.513427734375,2436.513427734375,2470.395751953125,2380.504638671875,2383.940185546875,13489061564
12/10/2024,2476.523193359375,2476.523193359375,2488.23779296875,2434.202880859375,2436.515625,9372169184
13/10/2024,2467.677001953125,2467.677001953125,2484.12939453125,2436.9697265625,2476.520263671875,9189490605
14/10/2024,2628.89990234375,2628.89990234375,2652.8818359375,2443.552978515625,2467.6474609375,21434687898
15/10/2024,2606.02197265625,2606.02197265625,2685.166748046875,2537.94091796875,2629.017578125,22003780898
16/10/2024,2611.10205078125,2611.10205078125,2644.854248046875,2589.60693359375,2606.01953125,17012396419
17/10/2024,2604.2734375,2604.2734375,2646.8740234375,2577.305908203125,2611.192138671875,15150712321
18/10/2024,2641.55224609375,2641.55224609375,2674.371826171875,2595.958984375,2604.814453125,17043738652
19/10/2024,2648.656982421875,2648.656982421875,2661.872802734375,2631.656982421875,2641.48828125,8557834553
20/10/2024,2746.364013671875,2746.364013671875,2756.436767578125,2635.94580078125,2648.665771484375,14559296242
21/10/2024,2665.712158203125,2665.712158203125,2765.549560546875,2655.29443359375,2746.3056640625,17328615363
22/10/2024,2620.197509765625,2620.197509765625,2669.7900390625,2605.61865234375,2665.65673828125,15541911074
23/10/2024,2509.098876953125,2509.098876953125,2624.450439453125,2457.169921875,2620.088623046875,17876984551
24/10/2024,2534.49853515625,2534.49853515625,2559.1513671875,2506.722900390625,2523.60693359375,16128627601
25/10/2024,2435.93408203125,2435.93408203125,2563.734130859375,2381.45068359375,2534.454833984375,22560233078
26/10/2024,2479.603271484375,2479.603271484375,2503.23046875,2427.46142578125,2436.050048828125,13597102184
27/10/2024,2505.940673828125,2505.940673828125,2523.17138671875,2462.27197265625,2479.93701171875,9801434566
28/10/2024,2565.34814453125,2565.34814453125,2587.43017578125,2470.268310546875,2505.590576171875,18971841402
29/10/2024,2637.95751953125,2637.95751953125,2680.054443359375,2560.15380859375,2565.41796875,22185845095
30/10/2024,2657.37255859375,2657.37255859375,2720.271484375,2600.609619140625,2637.64013671875,22382690746
31/10/2024,2515.79931640625,2515.79931640625,2667.5595703125,2501.572265625,2657.213134765625,19760409505
01/11/2024,2511.885498046875,2511.885498046875,2583.777099609375,2467.8193359375,2515.870361328125,20215438328
02/11/2024,2491.068603515625,2491.068603515625,2522.360595703125,2471.95556640625,2512.208251953125,9639457439
03/11/2024,2456.42529296875,2456.42529296875,2495.4365234375,2411.3984375,2491.094482421875,15667779706
04/11/2024,2397.0263671875,2397.0263671875,2488.350341796875,2359.578125,2456.09521484375,17110200696
05/11/2024,2422.650634765625,2422.650634765625,2478.618896484375,2380.601318359375,2397.036376953125,17894057485
06/11/2024,2724.169189453125,2724.169189453125,2743.964111328125,2421.81298828125,2422.539306640625,41887574364
07/11/2024,2895.58544921875,2895.58544921875,2918.744384765625,2701.5908203125,2724.005859375,35352318438
08/11/2024,2962.296630859375,2962.296630859375,2983.744873046875,2889.484375,2895.597900390625,32303261101
09/11/2024,3131.14453125,3131.14453125,3156.3662109375,2957.182373046875,2962.791015625,29210133088
10/11/2024,3191.331298828125,3191.331298828125,3249.9140625,3073.248779296875,3130.729248046875,47418730187
11/11/2024,3374.81298828125,3374.81298828125,3389.529296875,3109.76953125,3191.656982421875,55417771668
12/11/2024,3246.25732421875,3246.25732421875,3444.154052734375,3211.198486328125,3375.15478515625,56686078066
13/11/2024,3192.595947265625,3192.595947265625,3337.877197265625,3121.666015625,3244.543212890625,52010205682
14/11/2024,3058.94873046875,3058.94873046875,3240.270751953125,3032.971923828125,3192.5205078125,35743352141
15/11/2024,3103.04052734375,3103.04052734375,3130.703857421875,3016.14404296875,3059.526123046875,32701369872
16/11/2024,3133.27392578125,3133.27392578125,3218.089599609375,3073.286376953125,3089.739990234375,26650658846
17/11/2024,3075.66162109375,3075.66162109375,3160.152587890625,3039.246826171875,3133.306640625,28348163224
18/11/2024,3207.8564453125,3207.8564453125,3225.130615234375,3052.4912109375,3075.722900390625,35445557613
19/11/2024,3111.384033203125,3111.384033203125,3222.00439453125,3070.36279296875,3208.25048828125,29823634432
20/11/2024,3072.18798828125,3072.18798828125,3159.949462890625,3032.603271484375,3111.116943359375,29785491216
22/11/2024,3333.97119140625,3333.97119140625,3374.04345703125,3310.3017578125,3359.41064453125,52464992256
